,"You have a certain amount of physics intelligence, and you can’t really do much to change it.",Your physics intelligence is something about you that you can change.,"You can learn new things, but you can’t really change your basic physics intelligence.",Mindset1,Mindset2,Mindset3
0,5.0,0.8333,5.0,0.3333,0.3339,1.0793
1,5.0,5.0,5.0,1.0,1.0,1.0392
2,5.0,5.0,5.0,1.0,1.0,1.1107
3,5.0,5.0,5.0,1.0,1.0,1.3466
4,4.1667,1.6667,4.1667,0.3333,0.2006,-0.4034
5,4.1667,5.0,4.1667,1.0,0.7335,0.2209
6,5.0,5.0,5.0,1.0,1.0,1.431
7,3.3333,4.1667,3.3333,0.3333,0.3339,-0.3787
8,3.3333,5.0,4.1667,0.6667,0.6003,-0.1247
9,4.1667,4.1667,3.3333,0.6667,0.4671,-0.3962
10,4.1667,4.1667,4.1667,1.0,0.6003,0.0945
11,4.1667,4.1667,4.1667,1.0,0.6003,0.1423
12,4.1667,4.1667,4.1667,1.0,0.6003,0.001
13,5.0,0.8333,5.0,0.3333,0.3339,0.4572
14,4.1667,4.1667,4.1667,1.0,0.6003,0.2363
15,3.3333,3.3333,3.3333,0.0,0.2006,-0.8728
16,4.1667,4.1667,4.1667,1.0,0.6003,-0.0276
17,1.6667,3.3333,1.6667,-0.6667,-0.3323,-2.303
18,2.5,2.5,1.6667,-0.3333,-0.3323,-2.0003
19,4.1667,3.3333,3.3333,0.3333,0.3339,-0.4725
20,3.3333,4.1667,4.1667,0.6667,0.4671,-0.2947
21,3.3333,3.3333,2.5,0.0,0.0674,-1.1977
22,2.5,3.3333,2.5,0.0,-0.0658,-1.2846
23,3.3333,3.3333,3.3333,0.0,0.2006,-0.6146
24,5.0,5.0,5.0,1.0,1.0,0.9826
25,4.1667,3.3333,3.3333,0.3333,0.3339,-0.2927
26,5.0,5.0,5.0,1.0,1.0,0.848
28,3.3333,4.1667,3.3333,0.3333,0.3339,-0.7211
29,5.0,5.0,5.0,1.0,1.0,0.9864
30,5.0,4.1667,5.0,1.0,0.8668,0.8508
31,4.1667,4.1667,3.3333,0.6667,0.4671,-0.1478
32,2.5,4.1667,3.3333,0.3333,0.2006,-1.1044
33,5.0,5.0,5.0,1.0,1.0,0.9323
34,4.1667,1.6667,3.3333,0.0,0.0674,-0.5266
35,5.0,5.0,5.0,1.0,1.0,1.0582
36,3.3333,4.1667,3.3333,0.3333,0.3339,-0.5672
37,3.3333,3.3333,3.3333,0.0,0.2006,-0.4775
38,3.3333,2.5,3.3333,0.0,0.0674,-0.8783
39,3.3333,3.3333,3.3333,0.0,0.2006,-0.5871
40,5.0,5.0,5.0,1.0,1.0,1.1123
41,1.6667,4.1667,1.6667,-0.3333,-0.199,-2.1815
42,3.3333,2.5,3.3333,0.0,0.0674,-0.5186
43,3.3333,4.1667,4.1667,0.6667,0.4671,-0.0723
44,5.0,0.8333,5.0,0.3333,0.3339,0.7923
45,2.5,3.3333,2.5,0.0,-0.0658,-1.3826
46,2.5,4.1667,2.5,0.3333,0.0674,-1.3628
47,5.0,4.1667,4.1667,1.0,0.7335,0.3662
48,2.5,3.3333,3.3333,0.0,0.0674,-1.0422
49,3.3333,4.1667,3.3333,0.3333,0.3339,-0.4486
50,4.1667,4.1667,2.5,0.6667,0.3339,-0.748
51,4.1667,4.1667,4.1667,1.0,0.6003,0.2434
52,5.0,5.0,5.0,1.0,1.0,0.8154
53,5.0,4.1667,5.0,1.0,0.8668,1.1464
54,4.1667,4.1667,5.0,1.0,0.7335,0.7539
55,5.0,5.0,5.0,1.0,1.0,1.0096
57,4.1667,4.1667,4.1667,1.0,0.6003,-0.0135
58,5.0,0.8333,5.0,0.3333,0.3339,1.1023
59,2.5,2.5,2.5,0.0,-0.199,-1.699
60,5.0,0.8333,4.1667,0.3333,0.2006,0.2733
61,5.0,5.0,5.0,1.0,1.0,0.8698
62,4.1667,4.1667,3.3333,0.6667,0.4671,0.1644
63,3.3333,1.6667,4.1667,0.0,0.0674,-0.1881
65,5.0,5.0,5.0,1.0,1.0,0.9783
66,5.0,5.0,5.0,1.0,1.0,1.1693
67,3.3333,2.5,3.3333,0.0,0.0674,-0.5186
68,4.1667,3.3333,3.3333,0.3333,0.3339,-0.1781
69,4.1667,4.1667,4.1667,1.0,0.6003,0.2383
70,2.5,5.0,4.1667,0.6667,0.4671,-0.4665
71,5.0,5.0,4.1667,1.0,0.8668,0.6268
72,2.5,3.3333,3.3333,0.0,0.0674,-1.2699
73,5.0,5.0,5.0,1.0,1.0,1.28
74,4.1667,5.0,4.1667,1.0,0.7335,0.2363
75,4.1667,1.6667,4.1667,0.3333,0.2006,-0.008
76,3.3333,3.3333,2.5,0.0,0.0674,-1.1208
77,2.5,3.3333,3.3333,0.0,0.0674,-0.79
78,3.3333,2.5,5.0,0.3333,0.3339,0.3458
79,3.3333,3.3333,2.5,0.0,0.0674,-0.9973
80,2.5,2.5,2.5,0.0,-0.199,-1.5413
81,4.1667,4.1667,1.6667,0.3333,0.2006,-1.3038
82,3.3333,4.1667,3.3333,0.3333,0.3339,-0.3872
83,5.0,4.1667,4.1667,1.0,0.7335,0.8745
85,5.0,5.0,5.0,1.0,1.0,1.0433
86,1.6667,2.5,1.6667,-0.6667,-0.4655,-2.5371
88,4.1667,5.0,4.1667,1.0,0.7335,0.2005
90,4.1667,4.1667,3.3333,0.6667,0.4671,-0.3132
91,3.3333,3.3333,3.3333,0.0,0.2006,-0.5013
92,4.1667,2.5,4.1667,0.6667,0.3339,0.7238
93,3.3333,5.0,3.3333,0.3333,0.4671,-0.4813
94,2.5,3.3333,2.5,0.0,-0.0658,-1.343
95,4.1667,5.0,4.1667,1.0,0.7335,0.3296
96,2.5,3.3333,3.3333,0.0,0.0674,-0.9052
97,4.1667,0.8333,4.1667,0.3333,0.0674,-0.2603
98,5.0,4.1667,5.0,1.0,0.8668,1.1262
99,3.3333,1.6667,3.3333,-0.3333,-0.0658,-0.5515
100,4.1667,4.1667,2.5,0.6667,0.3339,-0.4321
101,5.0,5.0,5.0,1.0,1.0,0.9836
102,4.1667,4.1667,4.1667,1.0,0.6003,0.0935
103,3.3333,4.1667,2.5,0.3333,0.2006,-1.1424
104,4.1667,4.1667,4.1667,1.0,0.6003,0.1304
105,5.0,5.0,5.0,1.0,1.0,1.1139
106,4.1667,4.1667,4.1667,1.0,0.6003,0.056
107,5.0,5.0,5.0,1.0,1.0,1.2047
108,5.0,5.0,0.8333,0.3333,0.3339,-1.1153
109,4.1667,3.3333,1.6667,0.0,0.0674,-1.1337
110,3.3333,4.1667,3.3333,0.3333,0.3339,-0.7968
111,5.0,5.0,5.0,1.0,1.0,1.0241
112,0.8333,3.3333,3.3333,-0.3333,-0.199,-1.6319
113,4.1667,4.1667,1.6667,0.3333,0.2006,-1.1926
114,4.1667,4.1667,4.1667,1.0,0.6003,0.4209
115,1.6667,3.3333,2.5,-0.3333,-0.199,-1.8386
116,5.0,5.0,5.0,1.0,1.0,0.9561
117,5.0,0.8333,5.0,0.3333,0.3339,0.6101
118,5.0,5.0,5.0,1.0,1.0,0.9635
119,5.0,4.1667,4.1667,1.0,0.7335,0.6759
120,3.3333,2.5,1.6667,-0.3333,-0.199,-1.6776
121,5.0,4.1667,4.1667,1.0,0.7335,0.8076
122,5.0,5.0,5.0,1.0,1.0,1.0248
123,2.5,3.3333,2.5,0.0,-0.0658,-1.5042
124,5.0,4.1667,4.1667,1.0,0.7335,0.7021
125,3.3333,3.3333,2.5,0.0,0.0674,-1.2931
126,5.0,5.0,5.0,1.0,1.0,1.0159
127,2.5,3.3333,3.3333,0.0,0.0674,-1.1936
128,3.3333,3.3333,3.3333,0.0,0.2006,-0.7205
129,3.3333,3.3333,4.1667,0.3333,0.3339,-0.255
130,5.0,5.0,5.0,1.0,1.0,1.2552
132,2.5,5.0,2.5,0.3333,0.2006,-1.1827
133,3.3333,4.1667,4.1667,0.6667,0.4671,-0.0798
134,2.5,3.3333,1.6667,-0.3333,-0.199,-2.1152
135,4.1667,4.1667,4.1667,1.0,0.6003,0.2055
136,2.5,4.1667,2.5,0.3333,0.0674,-1.2483
137,2.5,2.5,2.5,0.0,-0.199,-1.8279
138,4.1667,4.1667,4.1667,1.0,0.6003,0.2255
139,4.1667,4.1667,3.3333,0.6667,0.4671,-0.1607
140,5.0,5.0,4.1667,1.0,0.8668,0.6721
141,4.1667,4.1667,4.1667,1.0,0.6003,0.402
142,3.3333,1.6667,4.1667,0.0,0.0674,-0.6792
143,5.0,5.0,5.0,1.0,1.0,1.449
144,4.1667,3.3333,4.1667,0.6667,0.4671,0.3116
145,4.1667,4.1667,3.3333,0.6667,0.4671,-0.1821
146,4.1667,3.3333,4.1667,0.6667,0.4671,0.1788
147,3.3333,3.3333,3.3333,0.0,0.2006,-0.7439
148,4.1667,1.6667,4.1667,0.3333,0.2006,-0.0426
149,5.0,5.0,5.0,1.0,1.0,0.9933
151,4.1667,4.1667,4.1667,1.0,0.6003,0.3367
152,5.0,5.0,5.0,1.0,1.0,1.2678
153,5.0,5.0,5.0,1.0,1.0,1.4722
154,4.1667,1.6667,4.1667,0.3333,0.2006,-0.1198
155,4.1667,1.6667,4.1667,0.3333,0.2006,0.2311
156,3.3333,2.5,2.5,0.0,-0.0658,-0.9647
157,4.1667,5.0,4.1667,1.0,0.7335,0.2397
158,2.5,3.3333,2.5,0.0,-0.0658,-1.306
159,4.1667,4.1667,4.1667,1.0,0.6003,0.3905
160,4.1667,4.1667,4.1667,1.0,0.6003,0.2647
161,4.1667,4.1667,4.1667,1.0,0.6003,0.0528
162,4.1667,3.3333,2.5,0.3333,0.2006,-0.8882
163,1.6667,2.5,1.6667,-0.6667,-0.4655,-2.3185
164,4.1667,4.1667,4.1667,1.0,0.6003,0.1083
165,5.0,5.0,5.0,1.0,1.0,0.8814
166,4.1667,4.1667,4.1667,1.0,0.6003,0.1398
167,4.1667,5.0,4.1667,1.0,0.7335,0.1732
168,4.1667,4.1667,4.1667,1.0,0.6003,0.2175
169,3.3333,1.6667,1.6667,-0.6667,-0.3323,-1.6945
170,4.1667,4.1667,4.1667,1.0,0.6003,0.2592
171,4.1667,3.3333,4.1667,0.6667,0.4671,0.1317
172,3.3333,2.5,3.3333,0.0,0.0674,-0.5537
173,3.3333,2.5,2.5,0.0,-0.0658,-1.2338
174,4.1667,4.1667,4.1667,1.0,0.6003,0.2139
175,4.1667,4.1667,4.1667,1.0,0.6003,0.4831
176,2.5,3.3333,2.5,0.0,-0.0658,-1.3683
177,5.0,4.1667,4.1667,1.0,0.7335,0.6041
178,3.3333,2.5,3.3333,0.0,0.0674,-0.8073
179,4.1667,4.1667,2.5,0.6667,0.3339,-0.9511
180,5.0,5.0,5.0,1.0,1.0,0.9101
181,3.3333,1.6667,4.1667,0.0,0.0674,0.0735
182,3.3333,3.3333,2.5,0.0,0.0674,-1.2587
183,4.1667,4.1667,4.1667,1.0,0.6003,0.1987
184,5.0,5.0,4.1667,1.0,0.8668,0.8649
185,5.0,5.0,4.1667,1.0,0.8668,0.3816
186,4.1667,2.5,2.5,0.3333,0.0674,-0.8541
187,4.1667,4.1667,3.3333,0.6667,0.4671,0.1691
188,4.1667,4.1667,3.3333,0.6667,0.4671,-0.0661
189,5.0,0.8333,4.1667,0.3333,0.2006,0.6153
190,5.0,5.0,4.1667,1.0,0.8668,0.5463
191,3.3333,3.3333,3.3333,0.0,0.2006,-0.5774
192,5.0,5.0,2.5,0.6667,0.6003,-0.2536
193,3.3333,3.3333,5.0,0.3333,0.4671,0.0579
194,3.3333,4.1667,3.3333,0.3333,0.3339,-0.5133
195,4.1667,4.1667,3.3333,0.6667,0.4671,-0.269
196,3.3333,3.3333,3.3333,0.0,0.2006,-0.858
197,4.1667,4.1667,4.1667,1.0,0.6003,0.0667
198,5.0,5.0,5.0,1.0,1.0,1.0641
199,4.1667,4.1667,3.3333,0.6667,0.4671,-0.487
200,5.0,3.3333,4.1667,0.6667,0.6003,0.7039
201,4.1667,4.1667,1.6667,0.3333,0.2006,-1.2483
202,3.3333,3.3333,3.3333,0.0,0.2006,-0.6272
203,2.5,3.3333,2.5,0.0,-0.0658,-1.2969
204,2.5,2.5,3.3333,0.0,-0.0658,-1.0798
205,3.3333,4.1667,3.3333,0.3333,0.3339,-0.7516
206,3.3333,3.3333,3.3333,0.0,0.2006,-0.4397
207,4.1667,4.1667,4.1667,1.0,0.6003,0.2395
208,4.1667,5.0,5.0,1.0,0.8668,0.7453
209,2.5,3.3333,3.3333,0.0,0.0674,-1.0454
210,5.0,5.0,5.0,1.0,1.0,0.9884
211,3.3333,1.6667,4.1667,0.0,0.0674,-0.1211
212,5.0,0.8333,5.0,0.3333,0.3339,0.4807
213,5.0,5.0,5.0,1.0,1.0,0.8635
214,5.0,5.0,5.0,1.0,1.0,0.9928
215,4.1667,4.1667,3.3333,0.6667,0.4671,-0.1457
216,4.1667,4.1667,4.1667,1.0,0.6003,-0.0469
217,5.0,5.0,5.0,1.0,1.0,0.985
218,3.3333,3.3333,3.3333,0.0,0.2006,-0.5458
219,4.1667,4.1667,3.3333,0.6667,0.4671,-0.1888
220,3.3333,2.5,3.3333,0.0,0.0674,-0.4295
221,5.0,5.0,5.0,1.0,1.0,1.0972
222,3.3333,4.1667,4.1667,0.6667,0.4671,-0.2751
223,4.1667,4.1667,4.1667,1.0,0.6003,0.3486
224,4.1667,4.1667,3.3333,0.6667,0.4671,-0.256
225,5.0,0.8333,5.0,0.3333,0.3339,0.6118
226,4.1667,4.1667,4.1667,1.0,0.6003,0.2941
227,3.3333,3.3333,3.3333,0.0,0.2006,-0.633
228,4.1667,4.1667,4.1667,1.0,0.6003,0.4023
229,4.1667,5.0,4.1667,1.0,0.7335,0.4284
230,3.3333,3.3333,2.5,0.0,0.0674,-1.2187
231,5.0,5.0,5.0,1.0,1.0,1.326
232,4.1667,4.1667,2.5,0.6667,0.3339,-0.5797
233,5.0,5.0,5.0,1.0,1.0,0.8836
234,5.0,5.0,5.0,1.0,1.0,1.0825
235,4.1667,3.3333,4.1667,0.6667,0.4671,0.2437
236,5.0,5.0,5.0,1.0,1.0,0.9029
237,4.1667,4.1667,5.0,1.0,0.7335,0.7164
238,5.0,4.1667,5.0,1.0,0.8668,1.0266
239,4.1667,4.1667,4.1667,1.0,0.6003,0.3653
240,3.3333,4.1667,2.5,0.3333,0.2006,-1.0685
241,3.3333,3.3333,4.1667,0.3333,0.3339,-0.4385
242,5.0,5.0,5.0,1.0,1.0,0.8904
243,5.0,5.0,5.0,1.0,1.0,0.9252
244,3.3333,3.3333,4.1667,0.3333,0.3339,-0.0445
245,2.5,3.3333,2.5,0.0,-0.0658,-1.2828
246,3.3333,3.3333,3.3333,0.0,0.2006,-0.4635
247,2.5,3.3333,2.5,0.0,-0.0658,-1.2986
248,5.0,4.1667,3.3333,0.6667,0.6003,0.1639
249,3.3333,4.1667,3.3333,0.3333,0.3339,-0.5712
250,4.1667,3.3333,4.1667,0.6667,0.4671,0.4369
252,1.6667,5.0,1.6667,-0.3333,-0.0658,-2.0477
253,5.0,5.0,5.0,1.0,1.0,1.0204
254,5.0,5.0,4.1667,1.0,0.8668,0.5331
255,4.1667,4.1667,5.0,1.0,0.7335,0.4378
256,5.0,0.8333,5.0,0.3333,0.3339,0.6693
257,5.0,5.0,5.0,1.0,1.0,0.9585
258,4.1667,4.1667,4.1667,1.0,0.6003,0.4301
259,2.5,3.3333,2.5,0.0,-0.0658,-1.2846
260,2.5,3.3333,2.5,0.0,-0.0658,-1.2947
261,5.0,4.1667,4.1667,1.0,0.7335,0.6638
262,4.1667,4.1667,4.1667,1.0,0.6003,-0.0579
263,4.1667,4.1667,4.1667,1.0,0.6003,0.423
264,4.1667,4.1667,4.1667,1.0,0.6003,0.1786
265,5.0,4.1667,5.0,1.0,0.8668,0.9026
266,5.0,5.0,5.0,1.0,1.0,1.0906
267,4.1667,4.1667,4.1667,1.0,0.6003,0.1265
268,1.6667,2.5,3.3333,-0.3333,-0.199,-1.3259
269,4.1667,4.1667,3.3333,0.6667,0.4671,-0.181
270,3.3333,3.3333,4.1667,0.3333,0.3339,-0.3092
271,4.1667,4.1667,4.1667,1.0,0.6003,0.2287
272,3.3333,3.3333,3.3333,0.0,0.2006,-0.5026
273,4.1667,0.8333,4.1667,0.3333,0.0674,-0.2255
274,5.0,1.6667,2.5,0.0,0.0674,-0.2259
275,4.1667,4.1667,4.1667,1.0,0.6003,0.2153
276,5.0,5.0,3.3333,0.6667,0.7335,0.1957
277,5.0,5.0,5.0,1.0,1.0,0.8774
278,4.1667,4.1667,4.1667,1.0,0.6003,0.0247
279,4.1667,4.1667,4.1667,1.0,0.6003,0.2642
280,5.0,5.0,5.0,1.0,1.0,1.0096
281,4.1667,3.3333,5.0,0.6667,0.6003,0.5623
282,4.1667,4.1667,4.1667,1.0,0.6003,0.4526
283,4.1667,4.1667,4.1667,1.0,0.6003,0.3095
284,5.0,4.1667,3.3333,0.6667,0.6003,0.5542
285,4.1667,4.1667,4.1667,1.0,0.6003,0.4507
286,5.0,5.0,5.0,1.0,1.0,1.0166
287,3.3333,3.3333,3.3333,0.0,0.2006,-0.6178
288,5.0,5.0,5.0,1.0,1.0,1.1826
289,5.0,5.0,4.1667,1.0,0.8668,0.8586
290,4.1667,4.1667,4.1667,1.0,0.6003,0.0959
291,3.3333,4.1667,4.1667,0.6667,0.4671,-0.3888
292,2.5,3.3333,2.5,0.0,-0.0658,-1.2846
293,4.1667,4.1667,4.1667,1.0,0.6003,0.0991
294,2.5,2.5,1.6667,-0.3333,-0.3323,-2.3286
295,4.1667,4.1667,4.1667,1.0,0.6003,0.1435
296,4.1667,4.1667,3.3333,0.6667,0.4671,-0.3772
297,3.3333,3.3333,2.5,0.0,0.0674,-0.9959
298,2.5,3.3333,2.5,0.0,-0.0658,-1.7788
299,3.3333,3.3333,3.3333,0.0,0.2006,-0.6601
300,5.0,5.0,5.0,1.0,1.0,0.9036
301,3.3333,3.3333,3.3333,0.0,0.2006,-0.5649
302,5.0,5.0,5.0,1.0,1.0,0.8548
303,3.3333,3.3333,3.3333,0.0,0.2006,-0.497
304,4.1667,4.1667,3.3333,0.6667,0.4671,-0.4034
305,5.0,4.1667,5.0,1.0,0.8668,0.9045
306,4.1667,4.1667,3.3333,0.6667,0.4671,-0.3417
307,2.5,1.6667,1.6667,-0.6667,-0.4655,-2.3074
308,2.5,3.3333,2.5,0.0,-0.0658,-1.6023
309,4.1667,4.1667,4.1667,1.0,0.6003,0.3524
311,4.1667,4.1667,3.3333,0.6667,0.4671,-0.187
312,5.0,5.0,5.0,1.0,1.0,1.2632
313,4.1667,4.1667,4.1667,1.0,0.6003,0.1536
314,3.3333,4.1667,3.3333,0.3333,0.3339,-0.6043
315,4.1667,2.5,2.5,0.3333,0.0674,-0.9612
316,4.1667,4.1667,4.1667,1.0,0.6003,0.0759
317,4.1667,1.6667,3.3333,0.0,0.0674,-0.4464
318,5.0,5.0,5.0,1.0,1.0,1.1237
319,3.3333,3.3333,3.3333,0.0,0.2006,-0.9121
320,3.3333,2.5,3.3333,0.0,0.0674,-0.5186
321,4.1667,4.1667,4.1667,1.0,0.6003,0.2759
322,3.3333,2.5,3.3333,0.0,0.0674,-0.7488
323,3.3333,0.8333,2.5,-0.3333,-0.3323,-1.3947
325,5.0,5.0,5.0,1.0,1.0,0.7472
326,4.1667,4.1667,4.1667,1.0,0.6003,0.4253
327,5.0,4.1667,5.0,1.0,0.8668,0.8726
328,4.1667,4.1667,4.1667,1.0,0.6003,-0.0195
329,5.0,5.0,5.0,1.0,1.0,0.8693
330,4.1667,4.1667,4.1667,1.0,0.6003,0.0967
331,3.3333,3.3333,3.3333,0.0,0.2006,-0.7578
332,4.1667,3.3333,3.3333,0.3333,0.3339,-0.2768
333,4.1667,4.1667,4.1667,1.0,0.6003,0.0715
334,3.3333,3.3333,3.3333,0.0,0.2006,-0.4984
335,5.0,4.1667,4.1667,1.0,0.7335,0.4428
336,4.1667,4.1667,4.1667,1.0,0.6003,0.1394
337,5.0,5.0,4.1667,1.0,0.8668,0.7048
338,5.0,1.6667,5.0,0.3333,0.4671,0.9857
339,4.1667,4.1667,4.1667,1.0,0.6003,0.7427
340,4.1667,1.6667,4.1667,0.3333,0.2006,-0.0443
341,4.1667,4.1667,4.1667,1.0,0.6003,0.2615
342,3.3333,3.3333,3.3333,0.0,0.2006,-0.6179
343,3.3333,3.3333,3.3333,0.0,0.2006,-0.5687
344,5.0,5.0,3.3333,0.6667,0.7335,0.0855
345,4.1667,4.1667,4.1667,1.0,0.6003,0.4099
346,0.8333,4.1667,1.6667,-0.3333,-0.3323,-2.4502
347,3.3333,2.5,3.3333,0.0,0.0674,-0.5186
348,5.0,0.8333,5.0,0.3333,0.3339,0.5417
349,4.1667,2.5,2.5,0.3333,0.0674,-0.6607
350,4.1667,4.1667,4.1667,1.0,0.6003,0.2879
351,3.3333,2.5,3.3333,0.0,0.0674,-0.5186
352,1.6667,3.3333,2.5,-0.3333,-0.199,-1.6098
353,3.3333,2.5,3.3333,0.0,0.0674,-0.7152
354,5.0,5.0,4.1667,1.0,0.8668,0.3966
355,3.3333,2.5,3.3333,0.0,0.0674,-0.4905
356,5.0,4.1667,5.0,1.0,0.8668,0.7933
357,5.0,5.0,2.5,0.6667,0.6003,-0.0695
358,3.3333,3.3333,3.3333,0.0,0.2006,-0.7367
359,4.1667,4.1667,4.1667,1.0,0.6003,0.0662
360,5.0,5.0,5.0,1.0,1.0,1.1549
361,4.1667,4.1667,4.1667,1.0,0.6003,0.3836
362,4.1667,1.6667,4.1667,0.3333,0.2006,-0.1397
363,4.1667,1.6667,4.1667,0.3333,0.2006,0.23
364,3.3333,3.3333,4.1667,0.3333,0.3339,-0.3962
365,3.3333,3.3333,3.3333,0.0,0.2006,-0.9382
366,2.5,2.5,2.5,0.0,-0.199,-1.4749
367,5.0,5.0,4.1667,1.0,0.8668,0.7934
368,2.5,3.3333,1.6667,-0.3333,-0.199,-1.9604
369,3.3333,3.3333,3.3333,0.0,0.2006,-0.4173
370,5.0,3.3333,4.1667,0.6667,0.6003,0.558
371,4.1667,4.1667,4.1667,1.0,0.6003,0.1212
372,4.1667,4.1667,4.1667,1.0,0.6003,0.2448
373,4.1667,4.1667,4.1667,1.0,0.6003,0.0957
374,5.0,4.1667,5.0,1.0,0.8668,0.7457
375,3.3333,3.3333,3.3333,0.0,0.2006,-0.4418
376,4.1667,4.1667,4.1667,1.0,0.6003,0.331
377,2.5,3.3333,2.5,0.0,-0.0658,-1.5033
378,2.5,4.1667,2.5,0.3333,0.0674,-1.0481
379,4.1667,3.3333,3.3333,0.3333,0.3339,0.0564
380,4.1667,3.3333,4.1667,0.6667,0.4671,0.409
381,5.0,5.0,5.0,1.0,1.0,1.1511
382,5.0,4.1667,5.0,1.0,0.8668,0.9233
383,5.0,4.1667,3.3333,0.6667,0.6003,-0.0277
384,5.0,5.0,5.0,1.0,1.0,1.2364
385,4.1667,5.0,4.1667,1.0,0.7335,0.4447
386,4.1667,4.1667,2.5,0.6667,0.3339,-0.9381
387,5.0,1.6667,4.1667,0.3333,0.3339,0.2493
389,4.1667,4.1667,3.3333,0.6667,0.4671,-0.2521
390,4.1667,4.1667,3.3333,0.6667,0.4671,-0.2893
392,4.1667,3.3333,4.1667,0.6667,0.4671,0.1979
393,5.0,4.1667,4.1667,1.0,0.7335,0.4913
394,5.0,5.0,5.0,1.0,1.0,0.9987
395,5.0,5.0,5.0,1.0,1.0,0.9037
396,5.0,5.0,4.1667,1.0,0.8668,0.7988
397,4.1667,4.1667,4.1667,1.0,0.6003,0.4419
398,5.0,4.1667,5.0,1.0,0.8668,0.9419
399,3.3333,4.1667,4.1667,0.6667,0.4671,-0.4016
400,4.1667,4.1667,4.1667,1.0,0.6003,0.0398
401,4.1667,5.0,2.5,0.6667,0.4671,-0.8858
404,5.0,4.1667,5.0,1.0,0.8668,1.1101
405,4.1667,4.1667,4.1667,1.0,0.6003,0.5132
407,3.3333,3.3333,3.3333,0.0,0.2006,-0.3214
408,4.1667,4.1667,4.1667,1.0,0.6003,0.3275
409,3.3333,3.3333,2.5,0.0,0.0674,-0.8721
410,3.3333,4.1667,4.1667,0.6667,0.4671,-0.0036
411,2.5,3.3333,2.5,0.0,-0.0658,-1.6756
412,2.5,1.6667,5.0,0.0,0.0674,-0.4316
413,5.0,1.6667,5.0,0.3333,0.4671,0.9283
414,5.0,4.1667,4.1667,1.0,0.7335,0.6021
415,5.0,5.0,5.0,1.0,1.0,1.0816
416,2.5,4.1667,3.3333,0.3333,0.2006,-1.0985
417,3.3333,3.3333,3.3333,0.0,0.2006,-0.7745
418,4.1667,5.0,5.0,1.0,0.8668,0.6952
419,5.0,5.0,5.0,1.0,1.0,1.4828
420,4.1667,4.1667,4.1667,1.0,0.6003,-0.0969
421,5.0,5.0,5.0,1.0,1.0,0.9063
422,5.0,1.6667,3.3333,0.0,0.2006,-0.3076
423,4.1667,4.1667,4.1667,1.0,0.6003,0.4546
424,4.1667,4.1667,4.1667,1.0,0.6003,-0.1006
425,4.1667,4.1667,4.1667,1.0,0.6003,0.097
426,5.0,4.1667,4.1667,1.0,0.7335,0.6496
427,5.0,5.0,5.0,1.0,1.0,1.1083
428,5.0,5.0,5.0,1.0,1.0,1.0205
429,4.1667,4.1667,4.1667,1.0,0.6003,0.348
430,4.1667,4.1667,3.3333,0.6667,0.4671,-0.3762
431,5.0,5.0,5.0,1.0,1.0,1.2204
432,2.5,2.5,2.5,0.0,-0.199,-1.4756
434,4.1667,5.0,3.3333,0.6667,0.6003,-0.1013
435,4.1667,3.3333,4.1667,0.6667,0.4671,0.1513
436,5.0,5.0,5.0,1.0,1.0,1.2283
437,5.0,5.0,5.0,1.0,1.0,0.9904
438,5.0,5.0,5.0,1.0,1.0,0.9877
439,5.0,5.0,5.0,1.0,1.0,1.238
440,5.0,5.0,5.0,1.0,1.0,1.2869
441,4.1667,4.1667,4.1667,1.0,0.6003,0.3977
442,4.1667,4.1667,4.1667,1.0,0.6003,0.1091
443,5.0,4.1667,5.0,1.0,0.8668,1.0978
444,4.1667,3.3333,2.5,0.3333,0.2006,-0.8431
445,4.1667,4.1667,4.1667,1.0,0.6003,0.5877
446,3.3333,3.3333,2.5,0.0,0.0674,-0.8879
447,4.1667,4.1667,4.1667,1.0,0.6003,0.2461
448,3.3333,3.3333,3.3333,0.0,0.2006,-0.8383
449,4.1667,4.1667,5.0,1.0,0.7335,0.6772
450,1.6667,4.1667,2.5,0.0,-0.0658,-1.7113
451,5.0,5.0,5.0,1.0,1.0,0.9898
452,4.1667,4.1667,2.5,0.6667,0.3339,-0.4446
453,4.1667,1.6667,4.1667,0.3333,0.2006,0.0715
454,4.1667,3.3333,5.0,0.6667,0.6003,0.3962
455,3.3333,4.1667,3.3333,0.3333,0.3339,-0.759
456,2.5,2.5,2.5,0.0,-0.199,-1.6539
457,4.1667,1.6667,4.1667,0.3333,0.2006,-0.1079
458,5.0,5.0,5.0,1.0,1.0,1.0517
459,3.3333,2.5,3.3333,0.0,0.0674,-0.9794
460,5.0,0.8333,5.0,0.3333,0.3339,0.616
461,5.0,4.1667,5.0,1.0,0.8668,0.8338
462,4.1667,4.1667,4.1667,1.0,0.6003,0.0609
463,5.0,5.0,5.0,1.0,1.0,1.0205
464,5.0,4.1667,3.3333,0.6667,0.6003,0.3
465,4.1667,4.1667,4.1667,1.0,0.6003,0.1335
467,5.0,0.8333,5.0,0.3333,0.3339,0.7169
468,5.0,0.8333,5.0,0.3333,0.3339,0.541
469,2.5,1.6667,2.5,-0.3333,-0.3323,-1.4577
470,5.0,3.3333,4.1667,0.6667,0.6003,0.9998
471,2.5,3.3333,1.6667,-0.3333,-0.199,-2.1107
472,4.1667,4.1667,1.6667,0.3333,0.2006,-0.8532
473,5.0,4.1667,4.1667,1.0,0.7335,0.616
474,5.0,4.1667,4.1667,1.0,0.7335,0.3643
475,5.0,5.0,5.0,1.0,1.0,1.0757
476,3.3333,3.3333,2.5,0.0,0.0674,-1.2916
477,4.1667,5.0,3.3333,0.6667,0.6003,0.1788
478,1.6667,4.1667,1.6667,-0.3333,-0.199,-2.4774
479,0.8333,5.0,1.6667,-0.3333,-0.199,-2.1525
480,3.3333,3.3333,3.3333,0.0,0.2006,-0.5765
483,5.0,5.0,5.0,1.0,1.0,1.0535
484,5.0,5.0,5.0,1.0,1.0,1.3406
485,3.3333,2.5,3.3333,0.0,0.0674,-0.2809
486,3.3333,4.1667,4.1667,0.6667,0.4671,-0.0962
487,4.1667,4.1667,4.1667,1.0,0.6003,0.125
488,1.6667,4.1667,2.5,0.0,-0.0658,-1.7631
489,5.0,5.0,5.0,1.0,1.0,1.4923
490,3.3333,3.3333,3.3333,0.0,0.2006,-0.5369
491,3.3333,3.3333,3.3333,0.0,0.2006,-0.8754
492,4.1667,4.1667,4.1667,1.0,0.6003,0.3798
493,4.1667,4.1667,4.1667,1.0,0.6003,0.3645
494,4.1667,4.1667,4.1667,1.0,0.6003,-0.0049
495,4.1667,1.6667,4.1667,0.3333,0.2006,0.2017
496,5.0,5.0,5.0,1.0,1.0,0.8631
497,4.1667,4.1667,4.1667,1.0,0.6003,0.1984
498,4.1667,3.3333,4.1667,0.6667,0.4671,0.0915
499,5.0,5.0,5.0,1.0,1.0,1.48
500,5.0,5.0,5.0,1.0,1.0,0.9842
501,4.1667,0.8333,4.1667,0.3333,0.0674,-0.4266
502,3.3333,3.3333,1.6667,-0.3333,-0.0658,-1.18
503,5.0,5.0,5.0,1.0,1.0,1.0003
504,2.5,5.0,4.1667,0.6667,0.4671,-0.7042
505,5.0,5.0,5.0,1.0,1.0,0.8928
506,3.3333,3.3333,3.3333,0.0,0.2006,-0.6441
507,5.0,5.0,5.0,1.0,1.0,0.9213
508,5.0,5.0,5.0,1.0,1.0,1.1207
509,5.0,5.0,5.0,1.0,1.0,0.9439
510,5.0,5.0,5.0,1.0,1.0,0.9009
511,4.1667,4.1667,4.1667,1.0,0.6003,0.3314
512,4.1667,4.1667,4.1667,1.0,0.6003,0.1006
513,3.3333,2.5,3.3333,0.0,0.0674,-0.5751
514,3.3333,3.3333,3.3333,0.0,0.2006,-0.5762
515,3.3333,4.1667,3.3333,0.3333,0.3339,-0.7733
516,2.5,3.3333,2.5,0.0,-0.0658,-1.2846
517,3.3333,3.3333,3.3333,0.0,0.2006,-0.5521
518,5.0,2.5,4.1667,0.6667,0.4671,0.6702
519,3.3333,4.1667,3.3333,0.3333,0.3339,-0.5026
520,5.0,0.8333,5.0,0.3333,0.3339,0.5374
521,4.1667,4.1667,4.1667,1.0,0.6003,0.219
522,5.0,5.0,5.0,1.0,1.0,1.2308
523,3.3333,5.0,4.1667,0.6667,0.6003,-0.1263
524,3.3333,3.3333,3.3333,0.0,0.2006,-0.7196
525,2.5,3.3333,2.5,0.0,-0.0658,-1.2846
526,4.1667,5.0,4.1667,1.0,0.7335,0.3501
527,3.3333,0.8333,1.6667,-0.6667,-0.4655,-1.2808
528,5.0,4.1667,4.1667,1.0,0.7335,0.3814
529,4.1667,4.1667,4.1667,1.0,0.6003,0.0512
530,4.1667,4.1667,2.5,0.6667,0.3339,-0.6597
531,5.0,5.0,5.0,1.0,1.0,1.0295
532,4.1667,4.1667,4.1667,1.0,0.6003,0.0643
533,4.1667,4.1667,3.3333,0.6667,0.4671,0.0891
534,4.1667,4.1667,3.3333,0.6667,0.4671,-0.2794
535,5.0,5.0,5.0,1.0,1.0,1.0373
536,5.0,4.1667,5.0,1.0,0.8668,1.0465
537,5.0,1.6667,5.0,0.3333,0.4671,0.7598
538,4.1667,2.5,3.3333,0.3333,0.2006,-0.1556
539,5.0,5.0,4.1667,1.0,0.8668,0.6069
540,5.0,5.0,5.0,1.0,1.0,1.0175
541,2.5,2.5,2.5,0.0,-0.199,-1.7841
542,4.1667,5.0,4.1667,1.0,0.7335,0.2118
543,3.3333,3.3333,2.5,0.0,0.0674,-1.0591
544,5.0,5.0,5.0,1.0,1.0,0.9576
545,5.0,4.1667,5.0,1.0,0.8668,0.8117
546,4.1667,4.1667,4.1667,1.0,0.6003,0.3635
547,5.0,5.0,5.0,1.0,1.0,1.3821
548,5.0,1.6667,4.1667,0.3333,0.3339,0.5485
549,5.0,5.0,5.0,1.0,1.0,1.0264
550,5.0,5.0,5.0,1.0,1.0,1.4649
551,1.6667,1.6667,4.1667,-0.3333,-0.199,-1.3131
552,3.3333,4.1667,4.1667,0.6667,0.4671,-0.089
553,4.1667,5.0,4.1667,1.0,0.7335,0.4827
554,4.1667,4.1667,4.1667,1.0,0.6003,0.5365
555,3.3333,2.5,3.3333,0.0,0.0674,-0.626
556,3.3333,4.1667,3.3333,0.3333,0.3339,-0.4489
557,3.3333,3.3333,4.1667,0.3333,0.3339,-0.4133
558,3.3333,5.0,4.1667,0.6667,0.6003,0.0765
559,3.3333,4.1667,3.3333,0.3333,0.3339,-0.6729
560,4.1667,3.3333,3.3333,0.3333,0.3339,-0.4783
561,5.0,5.0,5.0,1.0,1.0,1.0535
562,4.1667,4.1667,4.1667,1.0,0.6003,0.287
563,3.3333,5.0,4.1667,0.6667,0.6003,-0.2462
565,5.0,4.1667,5.0,1.0,0.8668,0.8883
566,5.0,5.0,5.0,1.0,1.0,0.7772
567,5.0,4.1667,5.0,1.0,0.8668,0.8842
568,5.0,4.1667,4.1667,1.0,0.7335,0.3412
569,0.8333,4.1667,2.5,0.0,-0.199,-2.1979
570,5.0,4.1667,5.0,1.0,0.8668,0.7569
571,1.6667,2.5,1.6667,-0.6667,-0.4655,-2.5674
572,5.0,4.1667,5.0,1.0,0.8668,0.8685
573,4.1667,4.1667,2.5,0.6667,0.3339,-0.6557
574,5.0,5.0,5.0,1.0,1.0,0.9038
575,5.0,5.0,5.0,1.0,1.0,1.0815
576,4.1667,4.1667,4.1667,1.0,0.6003,-0.0928
577,3.3333,2.5,3.3333,0.0,0.0674,-0.9912
578,4.1667,5.0,4.1667,1.0,0.7335,0.284
579,3.3333,4.1667,4.1667,0.6667,0.4671,-0.0984
580,5.0,5.0,5.0,1.0,1.0,0.9736
582,3.3333,2.5,3.3333,0.0,0.0674,-0.9174
583,5.0,5.0,5.0,1.0,1.0,0.8745
584,2.5,3.3333,3.3333,0.0,0.0674,-0.8624
585,5.0,5.0,5.0,1.0,1.0,1.1019
586,3.3333,4.1667,4.1667,0.6667,0.4671,0.1714
587,2.5,3.3333,2.5,0.0,-0.0658,-1.285
588,3.3333,2.5,2.5,0.0,-0.0658,-1.2029
589,3.3333,4.1667,4.1667,0.6667,0.4671,0.1393
590,4.1667,4.1667,3.3333,0.6667,0.4671,-0.221
591,5.0,5.0,4.1667,1.0,0.8668,0.7212
592,3.3333,3.3333,3.3333,0.0,0.2006,-0.483
594,4.1667,4.1667,4.1667,1.0,0.6003,0.315
595,4.1667,4.1667,4.1667,1.0,0.6003,0.0125
596,4.1667,4.1667,4.1667,1.0,0.6003,0.298
597,4.1667,4.1667,3.3333,0.6667,0.4671,-0.0961
598,2.5,3.3333,2.5,0.0,-0.0658,-1.2846
599,5.0,5.0,5.0,1.0,1.0,1.2312
600,1.6667,1.6667,1.6667,-1.0,-0.5987,-2.1968
601,2.5,3.3333,2.5,0.0,-0.0658,-1.3844
602,5.0,1.6667,4.1667,0.3333,0.3339,0.3267
603,5.0,5.0,5.0,1.0,1.0,1.021
604,2.5,4.1667,3.3333,0.3333,0.2006,-1.171
605,3.3333,5.0,0.8333,0.0,0.0674,-2.0271
606,3.3333,3.3333,3.3333,0.0,0.2006,-0.326
607,2.5,3.3333,2.5,0.0,-0.0658,-1.8261
608,2.5,3.3333,2.5,0.0,-0.0658,-1.2846
609,4.1667,3.3333,4.1667,0.6667,0.4671,0.1397
610,4.1667,1.6667,4.1667,0.3333,0.2006,-0.203
611,4.1667,4.1667,4.1667,1.0,0.6003,0.0507
612,5.0,5.0,5.0,1.0,1.0,1.3496
613,4.1667,4.1667,4.1667,1.0,0.6003,0.2001
614,4.1667,3.3333,4.1667,0.6667,0.4671,-0.0775
615,4.1667,4.1667,5.0,1.0,0.7335,0.6446
616,2.5,3.3333,3.3333,0.0,0.0674,-0.9513
617,5.0,5.0,5.0,1.0,1.0,1.0596
618,3.3333,3.3333,2.5,0.0,0.0674,-0.9936
619,5.0,5.0,5.0,1.0,1.0,0.9313
620,4.1667,3.3333,3.3333,0.3333,0.3339,-0.233
621,2.5,2.5,2.5,0.0,-0.199,-1.8661
622,5.0,5.0,5.0,1.0,1.0,1.0868
623,2.5,3.3333,2.5,0.0,-0.0658,-1.2846
624,4.1667,4.1667,4.1667,1.0,0.6003,0.052
625,2.5,3.3333,2.5,0.0,-0.0658,-1.564
626,4.1667,4.1667,4.1667,1.0,0.6003,-0.0282
627,1.6667,4.1667,4.1667,0.3333,0.2006,-0.9337
628,2.5,3.3333,2.5,0.0,-0.0658,-1.6541
629,4.1667,4.1667,4.1667,1.0,0.6003,0.158
630,3.3333,2.5,2.5,0.0,-0.0658,-1.2286
632,5.0,4.1667,5.0,1.0,0.8668,0.9082
633,2.5,3.3333,2.5,0.0,-0.0658,-1.3915
634,5.0,4.1667,5.0,1.0,0.8668,0.9557
635,4.1667,4.1667,4.1667,1.0,0.6003,0.1218
636,5.0,5.0,5.0,1.0,1.0,0.9701
637,2.5,3.3333,2.5,0.0,-0.0658,-1.5017
638,5.0,3.3333,5.0,0.6667,0.7335,0.9201
639,4.1667,4.1667,4.1667,1.0,0.6003,0.4778
640,5.0,5.0,5.0,1.0,1.0,1.2626
641,3.3333,4.1667,3.3333,0.3333,0.3339,-0.5054
642,4.1667,4.1667,2.5,0.6667,0.3339,-0.6904
643,4.1667,5.0,4.1667,1.0,0.7335,0.367
644,2.5,1.6667,3.3333,-0.3333,-0.199,-1.1438
645,4.1667,0.8333,3.3333,0.0,-0.0658,-0.4966
646,4.1667,4.1667,4.1667,1.0,0.6003,0.3314
647,4.1667,4.1667,4.1667,1.0,0.6003,0.3861
648,2.5,5.0,3.3333,0.3333,0.3339,-1.1107
649,5.0,4.1667,5.0,1.0,0.8668,1.1586
650,4.1667,4.1667,4.1667,1.0,0.6003,0.1627
651,1.6667,3.3333,1.6667,-0.6667,-0.3323,-2.4964
652,4.1667,1.6667,4.1667,0.3333,0.2006,-0.0862
653,4.1667,4.1667,4.1667,1.0,0.6003,0.4655
654,0.8333,3.3333,0.8333,-0.6667,-0.5987,-3.0917
655,4.1667,5.0,4.1667,1.0,0.7335,0.2179
656,3.3333,1.6667,3.3333,-0.3333,-0.0658,-0.7453
657,4.1667,4.1667,4.1667,1.0,0.6003,0.4334
658,3.3333,2.5,3.3333,0.0,0.0674,-0.5407
659,4.1667,4.1667,4.1667,1.0,0.6003,0.2594
660,4.1667,5.0,5.0,1.0,0.8668,0.557
661,5.0,5.0,5.0,1.0,1.0,1.4948
662,4.1667,4.1667,4.1667,1.0,0.6003,0.1076
663,4.1667,4.1667,3.3333,0.6667,0.4671,-0.4972
664,3.3333,4.1667,4.1667,0.6667,0.4671,-0.3581
665,4.1667,4.1667,4.1667,1.0,0.6003,0.1574
666,5.0,4.1667,5.0,1.0,0.8668,0.9814
667,4.1667,4.1667,4.1667,1.0,0.6003,0.2229
669,5.0,5.0,5.0,1.0,1.0,1.0645
670,4.1667,4.1667,4.1667,1.0,0.6003,0.4856
671,2.5,3.3333,2.5,0.0,-0.0658,-1.6528
672,5.0,5.0,5.0,1.0,1.0,0.9416
673,4.1667,1.6667,4.1667,0.3333,0.2006,0.1065
674,2.5,3.3333,2.5,0.0,-0.0658,-1.3949
676,5.0,4.1667,5.0,1.0,0.8668,1.0782
677,0.8333,4.1667,3.3333,0.0,-0.0658,-2.001
678,4.1667,4.1667,4.1667,1.0,0.6003,0.1731
679,5.0,4.1667,5.0,1.0,0.8668,0.8653
680,5.0,5.0,3.3333,0.6667,0.7335,0.163
681,5.0,5.0,5.0,1.0,1.0,1.1455
682,4.1667,4.1667,4.1667,1.0,0.6003,0.058
683,5.0,5.0,5.0,1.0,1.0,1.2456
684,4.1667,5.0,5.0,1.0,0.8668,0.5102
685,5.0,4.1667,5.0,1.0,0.8668,1.031
686,4.1667,4.1667,3.3333,0.6667,0.4671,-0.1375
687,2.5,3.3333,2.5,0.0,-0.0658,-1.7345
688,4.1667,4.1667,3.3333,0.6667,0.4671,0.0415
689,5.0,4.1667,4.1667,1.0,0.7335,0.4991
690,1.6667,4.1667,1.6667,-0.3333,-0.199,-2.4344
691,5.0,5.0,2.5,0.6667,0.6003,-0.4001
692,4.1667,4.1667,5.0,1.0,0.7335,0.6317
693,2.5,3.3333,2.5,0.0,-0.0658,-1.303
694,3.3333,2.5,3.3333,0.0,0.0674,-0.5186
695,4.1667,4.1667,4.1667,1.0,0.6003,0.2186
696,2.5,2.5,2.5,0.0,-0.199,-1.5053
697,4.1667,5.0,5.0,1.0,0.8668,1.3515
698,5.0,5.0,4.1667,1.0,0.8668,0.7223
699,5.0,4.1667,5.0,1.0,0.8668,0.8032
700,4.1667,4.1667,4.1667,1.0,0.6003,0.2061
701,5.0,5.0,5.0,1.0,1.0,0.8284
702,5.0,3.3333,4.1667,0.6667,0.6003,0.4483
703,4.1667,4.1667,4.1667,1.0,0.6003,0.1863
704,4.1667,3.3333,3.3333,0.3333,0.3339,-0.1494
705,2.5,2.5,1.6667,-0.3333,-0.3323,-2.1908
706,3.3333,3.3333,2.5,0.0,0.0674,-1.3148
707,4.1667,1.6667,4.1667,0.3333,0.2006,-0.0475
708,5.0,5.0,5.0,1.0,1.0,0.9232
709,4.1667,5.0,4.1667,1.0,0.7335,0.0041
710,4.1667,3.3333,3.3333,0.3333,0.3339,-0.0478
711,5.0,5.0,4.1667,1.0,0.8668,0.7313
712,5.0,5.0,5.0,1.0,1.0,0.9855
713,5.0,0.8333,5.0,0.3333,0.3339,1.0642
714,1.6667,4.1667,1.6667,-0.3333,-0.199,-2.0895
715,4.1667,5.0,5.0,1.0,0.8668,0.4677
716,5.0,5.0,5.0,1.0,1.0,1.2214
717,3.3333,4.1667,4.1667,0.6667,0.4671,-0.1542
718,4.1667,1.6667,4.1667,0.3333,0.2006,-0.1164
719,4.1667,1.6667,4.1667,0.3333,0.2006,-0.2535
720,2.5,3.3333,2.5,0.0,-0.0658,-1.358
721,4.1667,4.1667,3.3333,0.6667,0.4671,-0.106
722,2.5,4.1667,4.1667,0.6667,0.3339,-0.483
723,3.3333,4.1667,3.3333,0.3333,0.3339,-0.5027
724,4.1667,2.5,3.3333,0.3333,0.2006,-0.3169
725,3.3333,4.1667,2.5,0.3333,0.2006,-1.0497
726,2.5,2.5,2.5,0.0,-0.199,-1.7301
727,4.1667,4.1667,5.0,1.0,0.7335,0.5913
728,5.0,5.0,2.5,0.6667,0.6003,0.1181
729,3.3333,3.3333,2.5,0.0,0.0674,-1.0085
730,5.0,5.0,5.0,1.0,1.0,1.2646
731,5.0,5.0,4.1667,1.0,0.8668,0.6384
732,5.0,4.1667,5.0,1.0,0.8668,0.9848
733,3.3333,4.1667,3.3333,0.3333,0.3339,-0.8685
734,4.1667,5.0,4.1667,1.0,0.7335,0.1982
735,4.1667,4.1667,4.1667,1.0,0.6003,0.0564
736,5.0,5.0,5.0,1.0,1.0,1.0315
737,5.0,5.0,5.0,1.0,1.0,0.9285
738,1.6667,0.8333,1.6667,-1.0,-0.7319,-2.768
739,5.0,5.0,5.0,1.0,1.0,1.0869
740,4.1667,4.1667,4.1667,1.0,0.6003,0.2425
741,5.0,5.0,5.0,1.0,1.0,0.9177
742,3.3333,3.3333,2.5,0.0,0.0674,-1.3074
743,5.0,4.1667,4.1667,1.0,0.7335,0.4865
744,2.5,4.1667,2.5,0.3333,0.0674,-1.5608
745,5.0,0.8333,5.0,0.3333,0.3339,0.7743
746,2.5,3.3333,1.6667,-0.3333,-0.199,-1.9067
747,4.1667,4.1667,4.1667,1.0,0.6003,0.3466
748,4.1667,4.1667,4.1667,1.0,0.6003,0.335
749,5.0,4.1667,4.1667,1.0,0.7335,0.9211
750,5.0,5.0,5.0,1.0,1.0,1.0443
751,4.1667,4.1667,4.1667,1.0,0.6003,0.1927
752,4.1667,4.1667,4.1667,1.0,0.6003,0.315
753,5.0,5.0,4.1667,1.0,0.8668,0.5138
754,2.5,3.3333,2.5,0.0,-0.0658,-1.4319
755,5.0,5.0,5.0,1.0,1.0,0.9693
756,3.3333,4.1667,3.3333,0.3333,0.3339,-0.7856
757,4.1667,4.1667,4.1667,1.0,0.6003,0.0067
758,4.1667,4.1667,4.1667,1.0,0.6003,0.3847
759,4.1667,4.1667,4.1667,1.0,0.6003,-0.0275
761,4.1667,4.1667,4.1667,1.0,0.6003,0.0958
762,5.0,4.1667,4.1667,1.0,0.7335,0.3673
763,4.1667,1.6667,4.1667,0.3333,0.2006,0.0133
764,5.0,4.1667,5.0,1.0,0.8668,1.2635
765,5.0,5.0,5.0,1.0,1.0,1.033
766,4.1667,4.1667,4.1667,1.0,0.6003,0.3685
767,3.3333,4.1667,4.1667,0.6667,0.4671,-0.2012
768,4.1667,4.1667,4.1667,1.0,0.6003,0.2012
769,5.0,5.0,5.0,1.0,1.0,1.2256
770,3.3333,4.1667,3.3333,0.3333,0.3339,-0.3146
771,4.1667,5.0,4.1667,1.0,0.7335,0.4351
772,5.0,4.1667,5.0,1.0,0.8668,1.1063
773,4.1667,4.1667,3.3333,0.6667,0.4671,0.0292
774,3.3333,4.1667,5.0,0.6667,0.6003,0.0676
775,4.1667,4.1667,4.1667,1.0,0.6003,0.2074
776,3.3333,3.3333,2.5,0.0,0.0674,-1.2856
777,3.3333,4.1667,1.6667,0.0,0.0674,-1.6042
778,3.3333,3.3333,1.6667,-0.3333,-0.0658,-1.558
779,5.0,4.1667,3.3333,0.6667,0.6003,0.1532
780,4.1667,3.3333,3.3333,0.3333,0.3339,-0.3286
781,5.0,5.0,5.0,1.0,1.0,0.9832
782,4.1667,4.1667,4.1667,1.0,0.6003,-0.1449
783,4.1667,4.1667,3.3333,0.6667,0.4671,-0.5599
784,1.6667,4.1667,4.1667,0.3333,0.2006,-1.0122
785,3.3333,3.3333,2.5,0.0,0.0674,-0.7619
786,3.3333,3.3333,3.3333,0.0,0.2006,-0.5376
787,4.1667,4.1667,4.1667,1.0,0.6003,0.1253
788,4.1667,1.6667,4.1667,0.3333,0.2006,-0.2617
789,2.5,3.3333,2.5,0.0,-0.0658,-1.4701
790,4.1667,4.1667,4.1667,1.0,0.6003,0.4967
791,4.1667,4.1667,4.1667,1.0,0.6003,0.3295
792,4.1667,3.3333,2.5,0.3333,0.2006,-0.5877
793,3.3333,3.3333,3.3333,0.0,0.2006,-0.4438
794,4.1667,4.1667,4.1667,1.0,0.6003,0.0927
795,3.3333,2.5,3.3333,0.0,0.0674,-0.6397
796,2.5,3.3333,2.5,0.0,-0.0658,-1.4518
797,4.1667,4.1667,4.1667,1.0,0.6003,0.2818
798,4.1667,4.1667,4.1667,1.0,0.6003,0.1195
799,1.6667,3.3333,1.6667,-0.6667,-0.3323,-2.1508
800,4.1667,4.1667,3.3333,0.6667,0.4671,-0.3571
801,4.1667,5.0,5.0,1.0,0.8668,0.5368
802,2.5,2.5,2.5,0.0,-0.199,-1.5217
803,5.0,5.0,5.0,1.0,1.0,1.2395
804,4.1667,4.1667,4.1667,1.0,0.6003,0.8056
805,5.0,4.1667,4.1667,1.0,0.7335,0.5477
806,4.1667,4.1667,4.1667,1.0,0.6003,0.1521
807,5.0,5.0,5.0,1.0,1.0,1.521
808,3.3333,3.3333,3.3333,0.0,0.2006,-0.7969
809,3.3333,3.3333,2.5,0.0,0.0674,-1.121
810,5.0,5.0,5.0,1.0,1.0,0.8776
811,3.3333,4.1667,2.5,0.3333,0.2006,-1.3618
812,5.0,5.0,4.1667,1.0,0.8668,0.7231
813,4.1667,5.0,5.0,1.0,0.8668,0.4632
814,4.1667,3.3333,4.1667,0.6667,0.4671,0.1595
815,3.3333,3.3333,3.3333,0.0,0.2006,-0.8346
816,4.1667,4.1667,4.1667,1.0,0.6003,0.2097
817,5.0,4.1667,5.0,1.0,0.8668,0.825
818,5.0,5.0,5.0,1.0,1.0,1.0511
819,5.0,4.1667,4.1667,1.0,0.7335,0.3919
820,5.0,5.0,5.0,1.0,1.0,1.2084
821,4.1667,4.1667,4.1667,1.0,0.6003,0.282
822,4.1667,5.0,4.1667,1.0,0.7335,0.3925
823,3.3333,1.6667,2.5,-0.3333,-0.199,-1.1558
824,4.1667,3.3333,3.3333,0.3333,0.3339,-0.2699
825,5.0,5.0,4.1667,1.0,0.8668,0.9273
826,5.0,5.0,5.0,1.0,1.0,1.1646
827,4.1667,4.1667,4.1667,1.0,0.6003,0.4108
829,4.1667,3.3333,3.3333,0.3333,0.3339,-0.2966
830,4.1667,1.6667,4.1667,0.3333,0.2006,-0.0765
831,4.1667,4.1667,4.1667,1.0,0.6003,0.0618
832,4.1667,4.1667,4.1667,1.0,0.6003,0.1961
833,3.3333,3.3333,3.3333,0.0,0.2006,-0.8477
834,5.0,5.0,5.0,1.0,1.0,0.9083
835,4.1667,5.0,4.1667,1.0,0.7335,0.3581
836,4.1667,4.1667,4.1667,1.0,0.6003,-0.0094
837,2.5,3.3333,2.5,0.0,-0.0658,-1.2472
838,4.1667,5.0,4.1667,1.0,0.7335,0.3189
839,4.1667,4.1667,4.1667,1.0,0.6003,0.349
840,2.5,3.3333,2.5,0.0,-0.0658,-1.2607
841,5.0,4.1667,4.1667,1.0,0.7335,0.5839
842,5.0,5.0,5.0,1.0,1.0,0.8445
843,5.0,1.6667,4.1667,0.3333,0.3339,0.2858
844,4.1667,3.3333,4.1667,0.6667,0.4671,-0.0105
845,4.1667,4.1667,4.1667,1.0,0.6003,0.4168
846,4.1667,4.1667,4.1667,1.0,0.6003,0.1108
847,5.0,5.0,5.0,1.0,1.0,1.3996
848,5.0,4.1667,5.0,1.0,0.8668,1.108
849,3.3333,3.3333,4.1667,0.3333,0.3339,-0.6068
850,5.0,3.3333,5.0,0.6667,0.7335,0.7073
851,5.0,5.0,4.1667,1.0,0.8668,0.6482
852,4.1667,4.1667,4.1667,1.0,0.6003,0.5458
853,5.0,5.0,5.0,1.0,1.0,1.2343
854,4.1667,5.0,5.0,1.0,0.8668,0.6919
855,3.3333,3.3333,4.1667,0.3333,0.3339,-0.0504
856,5.0,4.1667,5.0,1.0,0.8668,1.1539
857,2.5,3.3333,2.5,0.0,-0.0658,-0.9939
858,3.3333,4.1667,3.3333,0.3333,0.3339,-0.6649
859,3.3333,3.3333,3.3333,0.0,0.2006,-0.7762
860,3.3333,4.1667,3.3333,0.3333,0.3339,-0.3259
861,4.1667,4.1667,2.5,0.6667,0.3339,-0.8302
862,5.0,5.0,4.1667,1.0,0.8668,0.6811
863,3.3333,2.5,2.5,0.0,-0.0658,-1.2423
864,5.0,5.0,5.0,1.0,1.0,1.2382
865,3.3333,3.3333,2.5,0.0,0.0674,-1.2306
866,5.0,5.0,5.0,1.0,1.0,1.1827
867,2.5,4.1667,3.3333,0.3333,0.2006,-0.8331
868,3.3333,5.0,2.5,0.3333,0.3339,-1.1197
869,3.3333,3.3333,4.1667,0.3333,0.3339,-0.2279
870,5.0,5.0,5.0,1.0,1.0,1.454
872,5.0,5.0,5.0,1.0,1.0,0.9814
873,5.0,5.0,5.0,1.0,1.0,0.8976
874,4.1667,4.1667,4.1667,1.0,0.6003,-0.0177
875,4.1667,4.1667,3.3333,0.6667,0.4671,-0.4891
876,5.0,0.8333,5.0,0.3333,0.3339,1.0135
877,4.1667,5.0,4.1667,1.0,0.7335,0.0061
878,3.3333,3.3333,3.3333,0.0,0.2006,-1.0329
879,3.3333,4.1667,4.1667,0.6667,0.4671,-0.4389
880,5.0,5.0,5.0,1.0,1.0,0.8953
881,2.5,4.1667,4.1667,0.6667,0.3339,-0.6222
882,4.1667,3.3333,3.3333,0.3333,0.3339,-0.4339
883,4.1667,3.3333,4.1667,0.6667,0.4671,0.1175
884,4.1667,1.6667,4.1667,0.3333,0.2006,0.1654
885,5.0,5.0,5.0,1.0,1.0,1.2314
886,1.6667,1.6667,1.6667,-1.0,-0.5987,-2.5505
887,4.1667,4.1667,4.1667,1.0,0.6003,0.1115
888,4.1667,4.1667,4.1667,1.0,0.6003,0.3079
889,5.0,5.0,5.0,1.0,1.0,0.8415
890,4.1667,4.1667,4.1667,1.0,0.6003,0.3462
891,5.0,4.1667,4.1667,1.0,0.7335,0.6836
893,3.3333,3.3333,3.3333,0.0,0.2006,-0.6342
894,4.1667,4.1667,4.1667,1.0,0.6003,0.2233
895,3.3333,3.3333,2.5,0.0,0.0674,-0.8494
896,4.1667,5.0,5.0,1.0,0.8668,0.4185
897,4.1667,3.3333,2.5,0.3333,0.2006,-0.9209
898,5.0,5.0,4.1667,1.0,0.8668,0.7116
899,5.0,5.0,4.1667,1.0,0.8668,0.7914
900,5.0,4.1667,5.0,1.0,0.8668,1.0389
901,4.1667,4.1667,2.5,0.6667,0.3339,-0.7667
902,5.0,5.0,4.1667,1.0,0.8668,0.4813
903,3.3333,4.1667,4.1667,0.6667,0.4671,-0.2742
904,4.1667,1.6667,4.1667,0.3333,0.2006,-0.0415
905,5.0,5.0,5.0,1.0,1.0,0.9584
906,4.1667,5.0,5.0,1.0,0.8668,0.6201
907,3.3333,3.3333,1.6667,-0.3333,-0.0658,-1.3809
908,5.0,5.0,5.0,1.0,1.0,0.7354
909,3.3333,3.3333,3.3333,0.0,0.2006,-0.5801
910,4.1667,4.1667,4.1667,1.0,0.6003,0.0559
911,3.3333,4.1667,1.6667,0.0,0.0674,-1.6483
912,4.1667,4.1667,2.5,0.6667,0.3339,-0.924
914,4.1667,5.0,4.1667,1.0,0.7335,0.4945
915,5.0,5.0,5.0,1.0,1.0,1.4326
916,4.1667,5.0,3.3333,0.6667,0.6003,-0.2434
917,3.3333,4.1667,2.5,0.3333,0.2006,-0.7445
918,4.1667,2.5,2.5,0.3333,0.0674,-0.6926
919,4.1667,4.1667,4.1667,1.0,0.6003,0.5251
920,4.1667,4.1667,4.1667,1.0,0.6003,0.4436
921,2.5,2.5,2.5,0.0,-0.199,-1.4361
922,4.1667,1.6667,4.1667,0.3333,0.2006,-0.0025
923,5.0,4.1667,5.0,1.0,0.8668,0.9983
924,4.1667,4.1667,3.3333,0.6667,0.4671,-0.277
925,4.1667,5.0,4.1667,1.0,0.7335,0.222
926,3.3333,2.5,5.0,0.3333,0.3339,0.1024
927,4.1667,5.0,4.1667,1.0,0.7335,0.199
928,4.1667,4.1667,3.3333,0.6667,0.4671,-0.1184
929,3.3333,3.3333,2.5,0.0,0.0674,-1.3172
930,4.1667,5.0,4.1667,1.0,0.7335,0.0696
931,3.3333,5.0,4.1667,0.6667,0.6003,0.381
932,3.3333,3.3333,2.5,0.0,0.0674,-1.3964
933,5.0,0.8333,5.0,0.3333,0.3339,0.5399
934,4.1667,4.1667,3.3333,0.6667,0.4671,-0.3563
935,4.1667,4.1667,4.1667,1.0,0.6003,0.1882
936,5.0,5.0,5.0,1.0,1.0,0.8745
937,5.0,5.0,5.0,1.0,1.0,0.9902
938,5.0,5.0,5.0,1.0,1.0,1.0627
939,4.1667,4.1667,4.1667,1.0,0.6003,0.2571
940,5.0,4.1667,5.0,1.0,0.8668,1.2364
941,4.1667,4.1667,4.1667,1.0,0.6003,0.2936
943,5.0,5.0,4.1667,1.0,0.8668,0.9103
944,4.1667,4.1667,5.0,1.0,0.7335,0.695
945,4.1667,4.1667,4.1667,1.0,0.6003,0.3135
946,4.1667,4.1667,4.1667,1.0,0.6003,0.0867
947,5.0,1.6667,3.3333,0.0,0.2006,0.2827
948,4.1667,4.1667,4.1667,1.0,0.6003,0.23
949,3.3333,4.1667,2.5,0.3333,0.2006,-1.3672
950,4.1667,4.1667,4.1667,1.0,0.6003,0.1088
951,5.0,5.0,5.0,1.0,1.0,0.944
952,4.1667,4.1667,5.0,1.0,0.7335,0.4123
953,5.0,4.1667,5.0,1.0,0.8668,0.7836
954,4.1667,4.1667,5.0,1.0,0.7335,0.4821
956,5.0,5.0,4.1667,1.0,0.8668,0.5434
957,4.1667,5.0,5.0,1.0,0.8668,0.6522
958,3.3333,4.1667,2.5,0.3333,0.2006,-0.6545
959,5.0,4.1667,5.0,1.0,0.8668,0.9828
960,2.5,3.3333,2.5,0.0,-0.0658,-1.7516
961,3.3333,3.3333,3.3333,0.0,0.2006,-0.6915
962,5.0,5.0,5.0,1.0,1.0,1.0019
963,4.1667,4.1667,4.1667,1.0,0.6003,0.3175
964,5.0,5.0,5.0,1.0,1.0,1.2527
965,3.3333,4.1667,4.1667,0.6667,0.4671,-0.2968
966,5.0,5.0,5.0,1.0,1.0,1.2044
967,4.1667,4.1667,4.1667,1.0,0.6003,0.2584
968,4.1667,2.5,1.6667,0.0,-0.0658,-1.2384
969,1.6667,3.3333,2.5,-0.3333,-0.199,-2.1349
970,5.0,5.0,5.0,1.0,1.0,0.9682
971,4.1667,4.1667,2.5,0.6667,0.3339,-0.7078
972,4.1667,4.1667,4.1667,1.0,0.6003,0.5921
973,5.0,5.0,5.0,1.0,1.0,1.0633
974,4.1667,4.1667,4.1667,1.0,0.6003,0.4037
975,5.0,5.0,3.3333,0.6667,0.7335,0.1567
976,4.1667,4.1667,2.5,0.6667,0.3339,-0.6648
977,5.0,5.0,5.0,1.0,1.0,1.0799
978,4.1667,4.1667,4.1667,1.0,0.6003,0.0897
979,5.0,4.1667,4.1667,1.0,0.7335,0.3939
980,5.0,5.0,5.0,1.0,1.0,1.1118
981,5.0,5.0,5.0,1.0,1.0,1.206
982,3.3333,2.5,2.5,0.0,-0.0658,-1.3159
983,4.1667,5.0,4.1667,1.0,0.7335,0.0131
984,4.1667,1.6667,4.1667,0.3333,0.2006,0.3645
985,5.0,5.0,4.1667,1.0,0.8668,0.4247
986,4.1667,4.1667,4.1667,1.0,0.6003,-0.0605
987,4.1667,5.0,4.1667,1.0,0.7335,0.5368
988,5.0,5.0,5.0,1.0,1.0,1.3262
989,3.3333,4.1667,3.3333,0.3333,0.3339,-0.6227
990,4.1667,1.6667,4.1667,0.3333,0.2006,-0.138
991,5.0,5.0,5.0,1.0,1.0,1.2883
992,2.5,3.3333,2.5,0.0,-0.0658,-1.6098
993,5.0,5.0,4.1667,1.0,0.8668,1.1551
994,4.1667,4.1667,4.1667,1.0,0.6003,0.299
995,3.3333,3.3333,3.3333,0.0,0.2006,-0.7936
996,3.3333,2.5,3.3333,0.0,0.0674,-0.4785
997,4.1667,4.1667,4.1667,1.0,0.6003,0.1228
998,4.1667,4.1667,4.1667,1.0,0.6003,0.2895
999,4.1667,4.1667,4.1667,1.0,0.6003,-0.0121
1000,2.5,2.5,2.5,0.0,-0.199,-1.6449
1001,3.3333,4.1667,3.3333,0.3333,0.3339,-0.4853
1002,4.1667,4.1667,4.1667,1.0,0.6003,0.2501
1003,4.1667,0.8333,4.1667,0.3333,0.0674,-0.2601
1004,4.1667,4.1667,4.1667,1.0,0.6003,-0.0052
1005,4.1667,1.6667,5.0,0.3333,0.3339,0.2129
1006,5.0,0.8333,1.6667,-0.3333,-0.199,-1.0376
1007,5.0,5.0,5.0,1.0,1.0,0.902
1008,2.5,3.3333,3.3333,0.0,0.0674,-1.2547
1009,5.0,5.0,5.0,1.0,1.0,1.033
1010,2.5,3.3333,2.5,0.0,-0.0658,-1.6675
1011,3.3333,2.5,3.3333,0.0,0.0674,-0.6399
1012,4.1667,3.3333,3.3333,0.3333,0.3339,-0.1907
1013,5.0,5.0,5.0,1.0,1.0,1.0067
1014,3.3333,3.3333,3.3333,0.0,0.2006,-0.9412
1015,3.3333,2.5,3.3333,0.0,0.0674,-0.706
1016,4.1667,4.1667,4.1667,1.0,0.6003,0.5406
1017,3.3333,3.3333,3.3333,0.0,0.2006,-0.5981
1018,3.3333,3.3333,3.3333,0.0,0.2006,-0.6943
1019,5.0,5.0,4.1667,1.0,0.8668,0.5382
1020,2.5,3.3333,3.3333,0.0,0.0674,-1.1897
1021,5.0,5.0,5.0,1.0,1.0,1.3606
1022,4.1667,4.1667,3.3333,0.6667,0.4671,-0.3019
1023,5.0,5.0,5.0,1.0,1.0,0.9048
1024,2.5,3.3333,3.3333,0.0,0.0674,-0.928
1025,5.0,5.0,5.0,1.0,1.0,1.0522
1026,2.5,4.1667,1.6667,0.0,-0.0658,-2.1049
1027,5.0,5.0,5.0,1.0,1.0,0.791
1028,0.8333,0.8333,0.8333,-1.0,-0.9984,-3.3435
1029,5.0,5.0,3.3333,0.6667,0.7335,0.2505
1030,5.0,5.0,5.0,1.0,1.0,0.9433
1031,4.1667,5.0,5.0,1.0,0.8668,0.558
1032,4.1667,4.1667,3.3333,0.6667,0.4671,0.0403
1033,4.1667,4.1667,5.0,1.0,0.7335,0.7488
1034,5.0,5.0,5.0,1.0,1.0,0.9009
1035,5.0,5.0,5.0,1.0,1.0,1.0559
1036,5.0,5.0,5.0,1.0,1.0,0.8954
1037,4.1667,5.0,4.1667,1.0,0.7335,0.1337
1038,5.0,4.1667,5.0,1.0,0.8668,1.1341
1039,4.1667,4.1667,4.1667,1.0,0.6003,0.0569
1041,4.1667,3.3333,4.1667,0.6667,0.4671,0.5056
1042,4.1667,4.1667,4.1667,1.0,0.6003,0.2178
1043,5.0,5.0,5.0,1.0,1.0,1.0541
1044,4.1667,1.6667,4.1667,0.3333,0.2006,-0.1744
1045,5.0,4.1667,5.0,1.0,0.8668,1.3424
1046,5.0,2.5,5.0,0.6667,0.6003,0.7161
1047,3.3333,4.1667,4.1667,0.6667,0.4671,-0.0115
1048,3.3333,4.1667,3.3333,0.3333,0.3339,-0.4459
1049,3.3333,4.1667,4.1667,0.6667,0.4671,0.1346
1050,3.3333,3.3333,3.3333,0.0,0.2006,-0.9198
1051,4.1667,4.1667,4.1667,1.0,0.6003,-0.0009
1052,4.1667,4.1667,4.1667,1.0,0.6003,0.4945
1053,5.0,4.1667,5.0,1.0,0.8668,1.0311
1054,5.0,4.1667,5.0,1.0,0.8668,1.05
1056,3.3333,3.3333,3.3333,0.0,0.2006,-0.7117
1057,2.5,0.8333,1.6667,-0.6667,-0.5987,-1.9267
1058,5.0,5.0,5.0,1.0,1.0,1.0398
1059,2.5,2.5,2.5,0.0,-0.199,-1.777
1060,4.1667,4.1667,4.1667,1.0,0.6003,0.2211
1061,4.1667,4.1667,4.1667,1.0,0.6003,0.2507
1062,2.5,2.5,2.5,0.0,-0.199,-1.4539
1063,4.1667,3.3333,4.1667,0.6667,0.4671,0.1415
1064,5.0,4.1667,4.1667,1.0,0.7335,0.713
1065,3.3333,3.3333,0.8333,-0.3333,-0.199,-2.2817
1066,5.0,4.1667,5.0,1.0,0.8668,0.931
1067,4.1667,3.3333,4.1667,0.6667,0.4671,0.322
1068,4.1667,4.1667,3.3333,0.6667,0.4671,-0.0919
1069,3.3333,5.0,3.3333,0.3333,0.4671,-0.4923
1070,5.0,4.1667,5.0,1.0,0.8668,0.8262
1071,5.0,4.1667,5.0,1.0,0.8668,0.8954
1072,5.0,4.1667,4.1667,1.0,0.7335,0.6328
1073,5.0,5.0,5.0,1.0,1.0,0.875
1075,4.1667,4.1667,4.1667,1.0,0.6003,0.1434
1076,5.0,5.0,4.1667,1.0,0.8668,0.4014
1077,2.5,2.5,2.5,0.0,-0.199,-1.6007
1078,4.1667,4.1667,4.1667,1.0,0.6003,0.0957
1079,5.0,1.6667,5.0,0.3333,0.4671,1.0224
1080,4.1667,4.1667,3.3333,0.6667,0.4671,-0.3235
1081,4.1667,4.1667,4.1667,1.0,0.6003,0.3517
1082,4.1667,4.1667,4.1667,1.0,0.6003,0.3728
1083,5.0,5.0,5.0,1.0,1.0,1.068
1084,4.1667,0.8333,5.0,0.3333,0.2006,0.4792
1085,4.1667,4.1667,4.1667,1.0,0.6003,0.0412
1086,3.3333,4.1667,3.3333,0.3333,0.3339,-0.2959
1087,4.1667,4.1667,4.1667,1.0,0.6003,0.102
1088,5.0,5.0,4.1667,1.0,0.8668,0.9722
1089,4.1667,4.1667,2.5,0.6667,0.3339,-0.9702
1090,3.3333,3.3333,2.5,0.0,0.0674,-1.3555
1091,1.6667,1.6667,1.6667,-1.0,-0.5987,-2.2515
1092,5.0,5.0,5.0,1.0,1.0,1.238
1093,5.0,5.0,5.0,1.0,1.0,1.3227
1094,1.6667,2.5,2.5,-0.3333,-0.3323,-1.9421
1095,3.3333,4.1667,3.3333,0.3333,0.3339,-0.6195
1096,4.1667,4.1667,4.1667,1.0,0.6003,0.4501
1097,5.0,5.0,4.1667,1.0,0.8668,0.4971
1098,5.0,5.0,5.0,1.0,1.0,1.3724
1099,5.0,5.0,5.0,1.0,1.0,1.2402
1100,4.1667,0.8333,3.3333,0.0,-0.0658,-0.6975
1101,3.3333,4.1667,3.3333,0.3333,0.3339,-0.7744
1102,4.1667,4.1667,4.1667,1.0,0.6003,0.3839
1103,4.1667,3.3333,1.6667,0.0,0.0674,-1.2699
1104,5.0,5.0,5.0,1.0,1.0,1.2344
1105,4.1667,4.1667,3.3333,0.6667,0.4671,-0.2864
1106,5.0,5.0,5.0,1.0,1.0,1.2826
1108,2.5,3.3333,2.5,0.0,-0.0658,-1.3428
1109,4.1667,3.3333,3.3333,0.3333,0.3339,-0.0116
1110,4.1667,4.1667,4.1667,1.0,0.6003,0.2324
1111,5.0,5.0,5.0,1.0,1.0,1.1037
1112,5.0,5.0,3.3333,0.6667,0.7335,0.2122
1113,4.1667,5.0,4.1667,1.0,0.7335,0.3311
1114,5.0,4.1667,5.0,1.0,0.8668,0.9496
1115,5.0,5.0,4.1667,1.0,0.8668,0.7114
1116,4.1667,4.1667,4.1667,1.0,0.6003,0.081
1117,3.3333,2.5,3.3333,0.0,0.0674,-0.5462
1118,5.0,5.0,5.0,1.0,1.0,1.3948
1119,5.0,0.8333,5.0,0.3333,0.3339,0.7506
1120,4.1667,4.1667,3.3333,0.6667,0.4671,-0.2983
1121,4.1667,4.1667,3.3333,0.6667,0.4671,-0.1295
1122,3.3333,5.0,4.1667,0.6667,0.6003,-0.1964
1123,2.5,3.3333,2.5,0.0,-0.0658,-1.2095
1124,3.3333,3.3333,2.5,0.0,0.0674,-1.2804
1125,4.1667,5.0,4.1667,1.0,0.7335,0.5405
1126,5.0,0.8333,5.0,0.3333,0.3339,0.7833
1127,2.5,4.1667,4.1667,0.6667,0.3339,-0.573
1128,4.1667,4.1667,3.3333,0.6667,0.4671,-0.0106
1129,2.5,3.3333,2.5,0.0,-0.0658,-1.3775
1130,1.6667,2.5,0.8333,-0.6667,-0.5987,-2.8013
1131,3.3333,4.1667,5.0,0.6667,0.6003,0.1201
1132,5.0,5.0,4.1667,1.0,0.8668,0.8059
1133,4.1667,5.0,4.1667,1.0,0.7335,0.029
1134,5.0,5.0,5.0,1.0,1.0,1.3739
1135,5.0,5.0,5.0,1.0,1.0,1.1529
1136,5.0,5.0,5.0,1.0,1.0,1.105
1137,1.6667,4.1667,1.6667,-0.3333,-0.199,-2.455
1138,5.0,5.0,5.0,1.0,1.0,0.8228
1139,4.1667,3.3333,3.3333,0.3333,0.3339,-0.1666
1140,3.3333,2.5,3.3333,0.0,0.0674,-0.5137
1141,4.1667,2.5,2.5,0.3333,0.0674,-1.0185
1142,4.1667,4.1667,5.0,1.0,0.7335,0.5017
1143,3.3333,4.1667,3.3333,0.3333,0.3339,-0.5252
1144,4.1667,4.1667,4.1667,1.0,0.6003,0.1614
1145,4.1667,2.5,3.3333,0.3333,0.2006,-0.3874
1146,5.0,5.0,5.0,1.0,1.0,0.8434
1147,3.3333,3.3333,3.3333,0.0,0.2006,-1.011
1148,4.1667,5.0,4.1667,1.0,0.7335,0.5479
1149,5.0,4.1667,4.1667,1.0,0.7335,0.7738
1150,5.0,4.1667,5.0,1.0,0.8668,0.9333
1151,4.1667,4.1667,4.1667,1.0,0.6003,-0.0067
1152,5.0,4.1667,4.1667,1.0,0.7335,0.4826
1153,3.3333,3.3333,2.5,0.0,0.0674,-1.1435
1154,5.0,5.0,5.0,1.0,1.0,1.2901
1155,5.0,5.0,5.0,1.0,1.0,1.2279
1156,3.3333,3.3333,3.3333,0.0,0.2006,-0.5104
1157,5.0,5.0,5.0,1.0,1.0,0.9376
1158,4.1667,4.1667,3.3333,0.6667,0.4671,-0.1562
1159,5.0,5.0,5.0,1.0,1.0,1.543
1160,4.1667,3.3333,5.0,0.6667,0.6003,0.5818
1161,5.0,5.0,5.0,1.0,1.0,1.052
1162,3.3333,4.1667,3.3333,0.3333,0.3339,-0.5444
1163,2.5,3.3333,1.6667,-0.3333,-0.199,-1.9019
1164,4.1667,3.3333,3.3333,0.3333,0.3339,-0.6839
1165,3.3333,3.3333,3.3333,0.0,0.2006,-0.542
1166,4.1667,4.1667,2.5,0.6667,0.3339,-0.6784
1167,5.0,4.1667,4.1667,1.0,0.7335,0.5188
1168,4.1667,4.1667,4.1667,1.0,0.6003,0.0517
1169,5.0,1.6667,2.5,0.0,0.0674,-0.3725
1171,4.1667,5.0,4.1667,1.0,0.7335,0.3085
1172,5.0,5.0,5.0,1.0,1.0,0.918
1173,2.5,3.3333,2.5,0.0,-0.0658,-1.686
1174,2.5,4.1667,2.5,0.3333,0.0674,-1.76
1175,4.1667,4.1667,4.1667,1.0,0.6003,0.2999
1176,5.0,4.1667,5.0,1.0,0.8668,1.665
1177,5.0,5.0,4.1667,1.0,0.8668,1.2473
1178,3.3333,3.3333,1.6667,-0.3333,-0.0658,-1.5622
1179,5.0,5.0,5.0,1.0,1.0,0.9145
1180,5.0,5.0,5.0,1.0,1.0,1.0245
1181,5.0,5.0,3.3333,0.6667,0.7335,0.01
1182,4.1667,3.3333,3.3333,0.3333,0.3339,-0.3844
1183,4.1667,4.1667,4.1667,1.0,0.6003,0.245
1184,4.1667,4.1667,4.1667,1.0,0.6003,0.4995
1185,5.0,3.3333,5.0,0.6667,0.7335,0.7408
1186,5.0,5.0,3.3333,0.6667,0.7335,0.2912
1187,3.3333,5.0,5.0,0.6667,0.7335,0.7249
1188,1.6667,2.5,1.6667,-0.6667,-0.4655,-2.5621
1189,4.1667,3.3333,4.1667,0.6667,0.4671,0.278
1190,3.3333,3.3333,3.3333,0.0,0.2006,-0.5626
1191,5.0,5.0,5.0,1.0,1.0,1.1884
1192,4.1667,4.1667,4.1667,1.0,0.6003,0.0313
1193,3.3333,4.1667,3.3333,0.3333,0.3339,-0.2687
1194,2.5,3.3333,1.6667,-0.3333,-0.199,-1.9202
1195,5.0,5.0,5.0,1.0,1.0,1.0662
1196,4.1667,4.1667,4.1667,1.0,0.6003,0.2822
1197,3.3333,3.3333,3.3333,0.0,0.2006,-0.654
1198,4.1667,4.1667,4.1667,1.0,0.6003,0.5573
1199,4.1667,4.1667,3.3333,0.6667,0.4671,-0.3168
1200,4.1667,4.1667,4.1667,1.0,0.6003,0.3357
1202,4.1667,1.6667,4.1667,0.3333,0.2006,-0.1035
1203,5.0,5.0,5.0,1.0,1.0,1.369
1204,4.1667,4.1667,4.1667,1.0,0.6003,0.3203
1205,4.1667,4.1667,4.1667,1.0,0.6003,0.551
1206,3.3333,4.1667,0.8333,0.0,-0.0658,-1.8123
1207,5.0,5.0,5.0,1.0,1.0,1.2409
1208,4.1667,4.1667,2.5,0.6667,0.3339,-0.5847
1209,5.0,4.1667,5.0,1.0,0.8668,1.1779
1210,4.1667,4.1667,5.0,1.0,0.7335,0.5224
1211,3.3333,5.0,4.1667,0.6667,0.6003,0.1752
1212,4.1667,5.0,5.0,1.0,0.8668,0.741
1213,3.3333,2.5,3.3333,0.0,0.0674,-0.4924
1214,5.0,5.0,5.0,1.0,1.0,0.9921
1215,5.0,5.0,5.0,1.0,1.0,0.9812
1216,5.0,5.0,5.0,1.0,1.0,0.7894
1217,5.0,5.0,5.0,1.0,1.0,1.2762
1218,2.5,2.5,2.5,0.0,-0.199,-1.6744
1219,5.0,5.0,5.0,1.0,1.0,0.989
1220,5.0,4.1667,5.0,1.0,0.8668,1.0484
1221,4.1667,3.3333,3.3333,0.3333,0.3339,-0.3871
1222,4.1667,4.1667,3.3333,0.6667,0.4671,-0.3423
1223,4.1667,1.6667,4.1667,0.3333,0.2006,-0.0105
1224,4.1667,4.1667,4.1667,1.0,0.6003,0.2719
1226,3.3333,3.3333,4.1667,0.3333,0.3339,-0.3007
1229,5.0,5.0,5.0,1.0,1.0,1.0403
1230,3.3333,2.5,3.3333,0.0,0.0674,-0.5186
1231,5.0,5.0,5.0,1.0,1.0,0.9229
1232,3.3333,3.3333,3.3333,0.0,0.2006,-0.6631
1233,5.0,5.0,5.0,1.0,1.0,0.9289
1234,4.1667,4.1667,4.1667,1.0,0.6003,0.069
1235,4.1667,4.1667,4.1667,1.0,0.6003,0.5137
1236,4.1667,3.3333,4.1667,0.6667,0.4671,0.3772
1237,2.5,3.3333,2.5,0.0,-0.0658,-1.3743
1238,2.5,4.1667,3.3333,0.3333,0.2006,-0.9656
1239,4.1667,4.1667,4.1667,1.0,0.6003,0.7107
1241,3.3333,5.0,3.3333,0.3333,0.4671,-0.8897
1242,4.1667,4.1667,5.0,1.0,0.7335,0.607
1243,5.0,5.0,5.0,1.0,1.0,1.1947
1244,5.0,5.0,2.5,0.6667,0.6003,-0.3883
1245,3.3333,2.5,2.5,0.0,-0.0658,-1.0099
1246,3.3333,3.3333,2.5,0.0,0.0674,-1.1427
1247,4.1667,4.1667,4.1667,1.0,0.6003,-0.0849
1248,2.5,4.1667,2.5,0.3333,0.0674,-1.4767
1249,5.0,5.0,5.0,1.0,1.0,1.0671
1250,5.0,5.0,5.0,1.0,1.0,1.4219
1251,3.3333,4.1667,4.1667,0.6667,0.4671,-0.3898
1252,3.3333,4.1667,3.3333,0.3333,0.3339,-0.8547
1253,4.1667,4.1667,4.1667,1.0,0.6003,0.1708
1254,4.1667,3.3333,2.5,0.3333,0.2006,-0.7176
1255,5.0,5.0,5.0,1.0,1.0,0.8262
1256,4.1667,5.0,4.1667,1.0,0.7335,0.1827
1257,4.1667,5.0,4.1667,1.0,0.7335,0.3695
1258,3.3333,3.3333,3.3333,0.0,0.2006,-0.7293
1259,4.1667,4.1667,3.3333,0.6667,0.4671,-0.2658
1260,4.1667,4.1667,4.1667,1.0,0.6003,0.3878
1261,5.0,5.0,5.0,1.0,1.0,0.9177
1262,3.3333,3.3333,3.3333,0.0,0.2006,-0.58
1263,3.3333,3.3333,3.3333,0.0,0.2006,-0.7376
1264,4.1667,4.1667,4.1667,1.0,0.6003,0.2108
1265,5.0,5.0,4.1667,1.0,0.8668,0.8707
1266,4.1667,5.0,5.0,1.0,0.8668,0.5286
1267,5.0,5.0,5.0,1.0,1.0,1.2303
1268,5.0,5.0,3.3333,0.6667,0.7335,0.1546
1269,5.0,0.8333,5.0,0.3333,0.3339,0.915
1270,2.5,4.1667,3.3333,0.3333,0.2006,-1.0028
1271,5.0,5.0,4.1667,1.0,0.8668,0.446
1272,5.0,5.0,5.0,1.0,1.0,1.1021
1273,1.6667,3.3333,1.6667,-0.6667,-0.3323,-2.1849
1274,4.1667,5.0,4.1667,1.0,0.7335,0.1828
1275,5.0,4.1667,4.1667,1.0,0.7335,0.4102
1276,5.0,5.0,4.1667,1.0,0.8668,0.4493
1277,3.3333,3.3333,3.3333,0.0,0.2006,-0.7264
1278,4.1667,4.1667,4.1667,1.0,0.6003,0.1714
1279,5.0,0.8333,5.0,0.3333,0.3339,0.7734
1280,2.5,4.1667,1.6667,0.0,-0.0658,-1.858
1281,2.5,5.0,1.6667,0.0,0.0674,-1.8798
1282,3.3333,3.3333,2.5,0.0,0.0674,-1.1852
1283,4.1667,3.3333,2.5,0.3333,0.2006,-0.7574
1284,4.1667,4.1667,4.1667,1.0,0.6003,0.3309
1285,5.0,5.0,5.0,1.0,1.0,1.2664
1286,2.5,4.1667,2.5,0.3333,0.0674,-1.5484
1287,5.0,5.0,5.0,1.0,1.0,1.1309
1288,5.0,5.0,4.1667,1.0,0.8668,1.0381
1289,1.6667,4.1667,1.6667,-0.3333,-0.199,-2.3238
1290,5.0,5.0,5.0,1.0,1.0,0.88
1291,5.0,5.0,5.0,1.0,1.0,1.1686
1292,4.1667,4.1667,4.1667,1.0,0.6003,-0.1205
1293,5.0,5.0,5.0,1.0,1.0,1.0334
1294,4.1667,4.1667,4.1667,1.0,0.6003,0.2799
1295,1.6667,2.5,1.6667,-0.6667,-0.4655,-2.5362
1296,5.0,4.1667,5.0,1.0,0.8668,1.2297
1297,4.1667,4.1667,4.1667,1.0,0.6003,0.1022
1298,4.1667,4.1667,2.5,0.6667,0.3339,-0.6901
1299,4.1667,5.0,3.3333,0.6667,0.6003,-0.3196
1300,5.0,5.0,5.0,1.0,1.0,1.1617
1301,4.1667,4.1667,4.1667,1.0,0.6003,0.0738
1302,0.8333,5.0,0.8333,-0.3333,-0.3323,-3.238
1303,3.3333,2.5,3.3333,0.0,0.0674,-0.303
1304,4.1667,4.1667,3.3333,0.6667,0.4671,-0.1605
1305,5.0,5.0,5.0,1.0,1.0,0.8897
1306,5.0,5.0,5.0,1.0,1.0,0.817
1307,4.1667,4.1667,3.3333,0.6667,0.4671,-0.5102
1308,5.0,4.1667,5.0,1.0,0.8668,0.9899
1309,5.0,5.0,5.0,1.0,1.0,1.2946
1310,4.1667,5.0,4.1667,1.0,0.7335,0.4045
1311,2.5,3.3333,2.5,0.0,-0.0658,-1.4828
1312,1.6667,3.3333,2.5,-0.3333,-0.199,-1.709
1313,5.0,5.0,5.0,1.0,1.0,1.172
1314,4.1667,5.0,5.0,1.0,0.8668,0.7634
1315,5.0,3.3333,4.1667,0.6667,0.6003,0.2758
